M_PER,SD_PER,n_PER,M_OVU,SD_OVU,n_OVU,M_LUT,SD_LUT,n_LUT,n_komplett,SW_stat_PER,SW_p_PER,SW_stat_OVU,SW_p_OVU,SW_stat_LUT,SW_p_LUT,Normalverteilung,SW_detail,Test,Chi2,Teststatistik,df,p_wert,Signifikant,Kendalls_W,Mauchly_p,Sphaerizitaet_verletzt,GG_Korrektur,eta2_p,eta2_interpretation,Uebung,Muskel,Abschnitt,Kennwert,posthoc_PER_OVU_p,posthoc_PER_LUT_p,posthoc_OVU_LUT_p,F
151.5476191031635,92.77539371783985,11,139.17108434864892,106.20454744397534,11,137.31760368860543,70.38223304376008,11,11,0.9221969950994993,0.3373653819750435,0.816910083578902,0.01570548732348252,0.876277790408728,0.09329047035959706,nein,"PER: 0,337
OVU: 0,016
LUT: 0,093",Friedman,0.18181818181818699,"0,182",2,0.91310071628226,nein,0.00826446280991759,,,,,,CMJ bilateral,Biceps Femoris,Gesamt,mean_rms,,,,
835.1566975130495,892.1645244281702,11,812.6766596457444,997.3003508995487,11,593.4482648730809,395.7778265378673,11,11,0.7366869632574531,0.0013943868081993545,0.6623607735532876,0.0001545383046379489,0.9103989099875489,0.2465600452235584,nein,"PER: 0,001
OVU: <0,001
LUT: 0,247",Friedman,0.545454545454561,"0,545",2,0.7613003866968678,nein,0.02479338842975277,,,,,,CMJ bilateral,Biceps Femoris,Gesamt,peak_rms,,,,
250.8336308407355,343.3095779019601,11,226.06675567268846,304.47611793328747,11,210.2600165310994,256.70335234454257,11,11,0.6077354784826634,3.173772437719136e-05,0.6522849489864275,0.00011515686088182777,0.5525924224281369,6.606625898696068e-06,nein,"PER: <0,001
OVU: <0,001
LUT: <0,001",Friedman,0.545454545454561,"0,545",2,0.7613003866968678,nein,0.02479338842975277,,,,,,CMJ bilateral,Biceps Femoris,Landung,mean_rms,,,,
579.9537542665989,965.8626977251046,11,582.5042124026032,1005.1999730477427,11,386.84117035393814,364.7777715281157,11,11,0.5647552483192053,9.317192949672772e-06,0.5468213782789022,5.614824488728192e-06,0.6393716334158046,7.910322156911659e-05,nein,"PER: <0,001
OVU: <0,001
LUT: <0,001",Friedman,0.7272727272727195,"0,727",2,0.6951439283988814,nein,0.03305785123966907,,,,,,CMJ bilateral,Biceps Femoris,Landung,peak_rms,,,,
275.21740038127786,177.57266515378817,11,283.5839295661267,153.9241652678635,11,305.4553122297169,241.37441593725526,11,11,0.8594420217903453,0.05663112841453484,0.813594688578855,0.01420408674151043,0.7713998532794986,0.003959756107884546,nein,"PER: 0,057
OVU: 0,014
LUT: 0,004",Friedman,2.9090909090909065,"2,909",2,0.2335064790909137,nein,0.13223140495867758,,,,,,CMJ bilateral,Gastrocnemius medial,Gesamt,mean_rms,,,,
1182.2848637205548,846.3393203505981,11,1200.3964372844223,569.1916974918736,11,1300.201083991679,1030.6099184915115,11,11,0.8581089334831309,0.05441946659658295,0.9388409546825196,0.506969554515987,0.8200265160634422,0.01726084372348849,nein,"PER: 0,054
OVU: 0,507
LUT: 0,017",Friedman,0.18181818181818699,"0,182",2,0.91310071628226,nein,0.00826446280991759,,,,,,CMJ bilateral,Gastrocnemius medial,Gesamt,peak_rms,,,,
248.49818061646482,197.23397356700394,11,304.96263982401035,252.72058486142316,11,267.7274412949048,246.21581122794336,11,11,0.7940842248098315,0.00786359320448798,0.7450327875675358,0.0017906247563343654,0.7510513084818635,0.002145287212405431,nein,"PER: 0,008
OVU: 0,002
LUT: 0,002",Friedman,0.18181818181818699,"0,182",2,0.91310071628226,nein,0.00826446280991759,,,,,,CMJ bilateral,Gastrocnemius medial,Landung,mean_rms,,,,
804.076717537165,666.6543422177297,11,790.4511388001597,582.5400065683639,11,785.6767583159562,846.6892975341152,11,11,0.7980628923510907,0.008870904162782522,0.8576101734180583,0.053613874275889345,0.7738068439566388,0.004258251768953062,nein,"PER: 0,009
OVU: 0,054
LUT: 0,004",Friedman,0.18181818181818699,"0,182",2,0.91310071628226,nein,0.00826446280991759,,,,,,CMJ bilateral,Gastrocnemius medial,Landung,peak_rms,,,,
104.03328723494359,82.09842543765971,11,156.83372326551,167.13380763425042,11,105.1317791681218,81.03326236396003,11,11,0.7869702520872686,0.00633980688490284,0.7429427802946433,0.0016818219027381876,0.8700167166285202,0.07756001810161049,nein,"PER: 0,006
OVU: 0,002
LUT: 0,078",Friedman,0.545454545454561,"0,545",2,0.7613003866968678,nein,0.02479338842975277,,,,,,CMJ bilateral,Gluteus Medius,Gesamt,mean_rms,,,,
434.3792405961242,354.78890338848845,11,681.4875590502651,757.8473583914134,11,417.2431818758625,306.55279175030853,11,11,0.7969421683946228,0.008574738898221315,0.7195369247150057,0.0008355618368908667,0.8627543167268016,0.06251274908238715,nein,"PER: 0,009
OVU: <0,001
LUT: 0,063",Friedman,0.18181818181818699,"0,182",2,0.91310071628226,nein,0.00826446280991759,,,,,,CMJ bilateral,Gluteus Medius,Gesamt,peak_rms,,,,
157.86831409618978,147.45590411509582,11,194.8869617578501,201.22508726819544,11,188.5145389747193,203.6793375455526,11,11,0.8320551773999902,0.02484283653395079,0.7292219050699247,0.0011154207364154096,0.7905943183854218,0.007074912258691899,nein,"PER: 0,025
OVU: 0,001
LUT: 0,007",Friedman,0.18181818181818699,"0,182",2,0.91310071628226,nein,0.00826446280991759,,,,,,CMJ bilateral,Gluteus Medius,Landung,mean_rms,,,,
366.57129867610877,384.85299580539913,11,531.1526406185815,574.9654474673262,11,336.47285154559046,311.31562953420007,11,11,0.7918710217593724,0.007353778637213017,0.7505526482449856,0.0021133837644285217,0.8336340889085192,0.026057476572675587,nein,"PER: 0,007
OVU: 0,002
LUT: 0,026",Friedman,0.545454545454561,"0,545",2,0.7613003866968678,nein,0.02479338842975277,,,,,,CMJ bilateral,Gluteus Medius,Landung,peak_rms,,,,
129.87715620255506,52.934940783833724,11,115.55281888250637,82.18802497156445,11,128.14935634679475,57.25294089237221,11,11,0.8924115665689296,0.14903276751583466,0.74509938939924,0.001794206365140471,0.8853699961629559,0.12166014638539652,nein,"PER: 0,149
OVU: 0,002
LUT: 0,122",Friedman,3.4545454545454675,"3,455",2,0.17776857282813668,nein,0.15702479338843034,,,,,,CMJ bilateral,Semitendinosus,Gesamt,mean_rms,,,,
509.6046347783298,196.76200447670496,11,429.7125006225464,285.1400188575327,11,504.0366700400023,306.007495579714,11,11,0.8962982807925127,0.16649394990455385,0.7753663425160771,0.004463635071524414,0.7519201898697037,0.0022020416603938634,nein,"PER: 0,166
OVU: 0,004
LUT: 0,002",Friedman,6.7272727272727195,"6,727",2,0.03460917828870062,ja,0.3057851239669418,,,,,,CMJ bilateral,Semitendinosus,Gesamt,peak_rms,0.1611328125,1.0,0.1611328125,
147.24040299658748,107.74777487314711,11,106.76860130642177,37.7717524471361,11,184.985820226229,213.17069112115774,11,11,0.7818462140205364,0.005429386731754448,0.9153805029469708,0.28202110488916476,0.6788724560999406,0.0002507871275976018,nein,"PER: 0,005
OVU: 0,282
LUT: <0,001",Friedman,2.181818181818187,"2,182",2,0.3359109812391617,nein,0.0991735537190085,,,,,,CMJ bilateral,Semitendinosus,Landung,mean_rms,,,,
347.0838832143899,228.89579626470052,11,238.44226243229124,95.34835996668185,11,382.48695676679944,341.5586337925766,11,11,0.889170697665532,0.1357881490521735,0.8999914813212536,0.1848068263291764,0.8164161461410833,0.015472147166906163,nein,"PER: 0,136
OVU: 0,185
LUT: 0,015",Friedman,4.545454545454561,"4,545",2,0.10303080346176338,nein,0.20661157024793458,,,,,,CMJ bilateral,Semitendinosus,Landung,peak_rms,,,,
75.56773907050591,39.0969385127302,11,49.29773611830217,17.933876100163904,11,68.8182989184463,21.067929535811317,11,11,0.8567657697054073,0.05227649475154891,0.9797728196920856,0.9648864232849538,0.8525106985023625,0.04601866106062452,nein,"PER: 0,052
OVU: 0,965
LUT: 0,046",Friedman,5.0909090909090935,"5,091",2,0.07843739051713058,nein,0.23140495867768607,,,,,,CMJ bilateral,Vastus Lateralis,Gesamt,mean_rms,,,,
273.6860130722802,183.80128722528298,11,151.4810110388428,57.41028991881279,11,232.24297611243972,84.11737053605754,11,11,0.8222519827071698,0.01846463490947078,0.9780758220107234,0.9545157124236667,0.9090976429452714,0.23795580057821442,nein,"PER: 0,018
OVU: 0,955
LUT: 0,238",Friedman,8.909090909090907,"8,909",2,0.011625603038838514,ja,0.4049586776859503,,,,,,CMJ bilateral,Vastus Lateralis,Gesamt,peak_rms,0.0205078125,1.0,0.029296875,
92.23760406480984,73.91593464479989,11,70.91887754100797,29.89641587617335,11,112.20598249523842,50.84155918648124,11,11,0.7996817294534984,0.00931689863686995,0.990600108304827,0.9980470852843276,0.8173693700267776,0.015925607377333367,nein,"PER: 0,009
OVU: 0,998
LUT: 0,016",Friedman,4.545454545454561,"4,545",2,0.10303080346176338,nein,0.20661157024793458,,,,,,CMJ bilateral,Vastus Lateralis,Landung,mean_rms,,,,
158.70906041698552,126.70694091001721,11,126.80414070000647,61.004138217999284,11,212.20235801726557,83.00779391466288,11,11,0.7572136951751323,0.002582054834787525,0.9236222722577859,0.3499729218925154,0.9222314197299727,0.33766561283034213,nein,"PER: 0,003
OVU: 0,350
LUT: 0,338",Friedman,7.0909090909090935,"7,091",2,0.02885550339038819,ja,0.32231404958677695,,,,,,CMJ bilateral,Vastus Lateralis,Landung,peak_rms,1.0,0.8349609375,0.029296875,
197.49310669936466,91.94733179141012,11,153.07039679475523,110.89123268682006,11,183.43825685251,95.80209664906533,11,11,0.8731770005492931,0.08515104029340731,0.7364213467607869,0.0013833444655672522,0.88271263441286,0.11261762656768037,nein,"PER: 0,085
OVU: 0,001
LUT: 0,113",Friedman,3.818181818181813,"3,818",2,0.14821506633752052,nein,0.17355371900826422,,,,,,CMJ einbeinig R,Biceps Femoris,Gesamt,mean_rms,,,,
939.332040522312,713.160130449645,11,550.0787628529168,495.5968940861515,11,645.5543364067355,332.6549700192994,11,11,0.8972695313048116,0.17114193401874328,0.6635946363703126,0.00016021719339054133,0.8953067218287305,0.16186856173046582,nein,"PER: 0,171
OVU: <0,001
LUT: 0,162",Friedman,5.0909090909090935,"5,091",2,0.07843739051713058,nein,0.23140495867768607,,,,,,CMJ einbeinig R,Biceps Femoris,Gesamt,peak_rms,,,,
290.1701191546503,232.2893363123063,11,168.36953059331145,93.53410710357862,11,266.6838960542735,166.5343908289267,11,11,0.8641915585785918,0.06524603792592451,0.9118347458339474,0.25636563623553177,0.8634916003054417,0.06390067912833554,ja,"PER: 0,065
OVU: 0,256
LUT: 0,064",ANOVA,,"2,428","2, 20",0.11378253942844764,nein,,6.8262513142766,nein,nein,0.19534898726469502,gross,CMJ einbeinig R,Biceps Femoris,Landung,mean_rms,,,,2.427747982328785
696.9033139950614,707.1513253695193,11,360.4640570644837,180.60300367235504,11,556.7631589978763,325.9242876124564,11,11,0.7501554232887907,0.0020883126411600094,0.9467464868005089,0.6027091277457877,0.9222964419568339,0.3382332741996136,nein,"PER: 0,002
OVU: 0,603
LUT: 0,338",Friedman,6.545454545454561,"6,545",2,0.037902914400958214,ja,0.2975206611570255,,,,,,CMJ einbeinig R,Biceps Femoris,Landung,peak_rms,0.1611328125,1.0,0.029296875,
419.7801156944148,235.56723807424677,11,381.575709273003,192.3976860060745,11,426.0390550134918,473.2423116659081,11,11,0.9140465843107977,0.2721250536688463,0.8793132513648978,0.10197655953090917,0.6907459446071269,0.00035580847034735323,nein,"PER: 0,272
OVU: 0,102
LUT: <0,001",Friedman,1.636363636363626,"1,636",2,0.44123316775998644,nein,0.07438016528925573,,,,,,CMJ einbeinig R,Gastrocnemius medial,Gesamt,mean_rms,,,,
1431.1041838755848,839.4428519631232,11,1342.3210813704995,591.6674835833762,11,1382.550870801481,1339.1520596714272,11,11,0.9133831986910668,0.2673140047290131,0.9219570613440302,0.3352786928206599,0.7600986745208476,0.002816331842430252,nein,"PER: 0,267
OVU: 0,335
LUT: 0,003",Friedman,2.363636363636374,"2,364",2,0.30672055757655525,nein,0.1074380165289261,,,,,,CMJ einbeinig R,Gastrocnemius medial,Gesamt,peak_rms,,,,
384.95236289410457,253.03289978495948,11,410.0611334012063,276.6473061201658,11,383.98619501931483,381.4932552570908,11,11,0.8387565642064979,0.03041800316693139,0.8779156310122355,0.09788538704484548,0.7464326092279776,0.0018674422527093478,nein,"PER: 0,030
OVU: 0,098
LUT: 0,002",Friedman,0.545454545454561,"0,545",2,0.7613003866968678,nein,0.02479338842975277,,,,,,CMJ einbeinig R,Gastrocnemius medial,Landung,mean_rms,,,,
1160.7244554500985,638.02399890791,11,1013.5493287573402,595.7948225398302,11,1071.236977309049,1240.7278364320334,11,11,0.9112584930712746,0.2523906263868102,0.8654183563756841,0.06767066604141625,0.7101128304035452,0.00063131963607423,nein,"PER: 0,252
OVU: 0,068
LUT: <0,001",Friedman,2.181818181818187,"2,182",2,0.3359109812391617,nein,0.0991735537190085,,,,,,CMJ einbeinig R,Gastrocnemius medial,Landung,peak_rms,,,,
185.40460234576267,128.97256592818817,11,191.7118148961025,170.4952709972607,11,219.1335229885559,143.34851412241983,11,11,0.9061279778474374,0.21929695852259795,0.7794031048473158,0.005042767200811577,0.9282646206218642,0.3935658334452746,nein,"PER: 0,219
OVU: 0,005
LUT: 0,394",Friedman,0.545454545454561,"0,545",2,0.7613003866968678,nein,0.02479338842975277,,,,,,CMJ einbeinig R,Gluteus Medius,Gesamt,mean_rms,,,,
614.718569098972,529.5102164634594,11,757.2198681224173,1079.5707548364394,11,589.3550902078268,403.3984311395785,11,11,0.8114844253451154,0.013323992744583603,0.561050049122436,8.389595456648775e-06,0.911968156444626,0.2572935446204856,nein,"PER: 0,013
OVU: <0,001
LUT: 0,257",Friedman,0.18181818181818699,"0,182",2,0.91310071628226,nein,0.00826446280991759,,,,,,CMJ einbeinig R,Gluteus Medius,Gesamt,peak_rms,,,,
313.29688956104684,281.09490593668244,11,391.7153001046126,576.3790613567932,11,341.8533606944929,270.6246162461626,11,11,0.827947435871585,0.021939804028768026,0.5386873695709573,4.466656795567279e-06,0.8642887338120806,0.0654349762283992,nein,"PER: 0,022
OVU: <0,001
LUT: 0,065",Friedman,0.18181818181818699,"0,182",2,0.91310071628226,nein,0.00826446280991759,,,,,,CMJ einbeinig R,Gluteus Medius,Landung,mean_rms,,,,
574.6605645564393,549.9657055146293,11,740.2771440760399,1088.5063423722343,11,541.9683328081387,417.13850395727957,11,11,0.7922119448872307,0.007430094117147445,0.5733194796080647,1.1878498352818943e-05,0.8800721593189549,0.10426583080148105,nein,"PER: 0,007
OVU: <0,001
LUT: 0,104",Friedman,0.7272727272727195,"0,727",2,0.6951439283988814,nein,0.03305785123966907,,,,,,CMJ einbeinig R,Gluteus Medius,Landung,peak_rms,,,,
203.62268767313816,118.52452894751542,11,157.60080186490222,97.99262825428148,11,174.74548289810681,90.7822416510502,11,11,0.8789361856045921,0.10085701386382578,0.786648323374496,0.006278338754105545,0.8212341571790623,0.017904032737695974,nein,"PER: 0,101
OVU: 0,006
LUT: 0,018",Friedman,5.0909090909090935,"5,091",2,0.07843739051713058,nein,0.23140495867768607,,,,,,CMJ einbeinig R,Semitendinosus,Gesamt,mean_rms,,,,
593.8476753819956,310.40786061119644,11,484.559158714516,288.5759059598578,11,562.8974644189152,351.5368822680612,11,11,0.9319275904649709,0.430681031190494,0.8110845229871464,0.01316345879969432,0.8406566074698179,0.03221285972198033,nein,"PER: 0,431
OVU: 0,013
LUT: 0,032",Friedman,2.363636363636374,"2,364",2,0.30672055757655525,nein,0.1074380165289261,,,,,,CMJ einbeinig R,Semitendinosus,Gesamt,peak_rms,,,,
256.45541873744105,142.81885589579815,11,194.90479624014816,98.2990680698791,11,253.3290778323956,168.28643899471487,11,11,0.9457404711053337,0.5901265493543638,0.8743584822591253,0.08816858346573656,0.8454892331232882,0.03726309316833236,nein,"PER: 0,590
OVU: 0,088
LUT: 0,037",Friedman,2.363636363636374,"2,364",2,0.30672055757655525,nein,0.1074380165289261,,,,,,CMJ einbeinig R,Semitendinosus,Landung,mean_rms,,,,
482.3766978891645,310.3673116456565,11,376.3126463005399,160.39838358762356,11,488.9725138038921,363.86571785088216,11,11,0.869597602873323,0.07660369784269033,0.9308736571363359,0.4197591523637148,0.7954630586559537,0.008198986295434352,nein,"PER: 0,077
OVU: 0,420
LUT: 0,008",Friedman,0.545454545454561,"0,545",2,0.7613003866968678,nein,0.02479338842975277,,,,,,CMJ einbeinig R,Semitendinosus,Landung,peak_rms,,,,
89.02067794121626,53.02028067576309,11,53.83572964095647,19.84013866703055,11,85.51913467484513,29.58450712441275,11,11,0.9637275170893755,0.8171606038559633,0.933308040234127,0.44527860547451603,0.914666325149989,0.2766856895341411,ja,"PER: 0,817
OVU: 0,445
LUT: 0,277",ANOVA,,"3,875","2, 20",0.0378210424980974,ja,,4.373519876697439,nein,nein,0.2792687556000681,gross,CMJ einbeinig R,Vastus Lateralis,Gesamt,mean_rms,0.10920825052493188,1.0,0.01705111211095906,3.8747974056901375
273.32096761231276,182.6742477893202,11,149.12547665839227,53.409131143221394,11,239.53540516859286,69.04900443903217,11,11,0.9104966341868446,0.24721698611610615,0.9568019612480887,0.7312632213232723,0.9240500378159456,0.3538277803739206,ja,"PER: 0,247
OVU: 0,731
LUT: 0,354",ANOVA,,"3,744","2, 20",0.04157033584865862,ja,,6.908731347972824,nein,nein,0.2724240193717227,gross,CMJ einbeinig R,Vastus Lateralis,Gesamt,peak_rms,0.09227851361187148,1.0,0.019869976895632628,3.7442690059185146
120.60676020255882,84.36118980028932,11,61.28004524443682,23.906093777567133,11,107.97427947796224,46.06242178978881,11,11,0.9123158892367307,0.25972568580211686,0.9666759146170943,0.8511429956760934,0.9252334297095836,0.3646632489962597,ja,"PER: 0,260
OVU: 0,851
LUT: 0,365",ANOVA,,"3,763","2, 20",0.041017751034742464,ja,,9.261292557640127,nein,nein,0.27339700363763836,gross,CMJ einbeinig R,Vastus Lateralis,Landung,mean_rms,0.05761466377032742,1.0,0.02275989343896949,3.7626737710464035
222.43670376511602,181.48743105406578,11,96.150190229753,40.33455768026542,11,175.7793683424948,78.01818802723776,11,11,0.8645925626462035,0.06602914676696911,0.9804898419304785,0.9688245700609134,0.9131643014203309,0.265742461931784,ja,"PER: 0,066
OVU: 0,969
LUT: 0,266",ANOVA,,"3,799","2, 20",0.03994532285152108,ja,,8.48018034276457,nein,nein,0.2753194695294221,gross,CMJ einbeinig R,Vastus Lateralis,Landung,peak_rms,0.0874052263718306,1.0,0.021787673837032097,3.799184025968531
490.486716655876,468.50637032419513,11,368.5974575959732,374.6834622228782,11,314.5105178406878,161.8120826113099,11,11,0.7700029885592572,0.0037962787713648216,0.7054996581447466,0.000550542826370212,0.8889216297422284,0.13481712087885056,nein,"PER: 0,004
OVU: <0,001
LUT: 0,135",Friedman,4.9090909090909065,"4,909",2,0.0859022330378764,nein,0.2231404958677685,,,,,,DJ bilateral,Biceps Femoris,Bodenkontakt,mean_rms,,,,
1216.4086444674888,1312.2129733144923,11,898.234593185259,1104.7463340591357,11,662.2441508405668,423.61421039368463,11,11,0.7734553986106427,0.0042132955784450875,0.6511651540446599,0.00011145997705672606,0.8727110997859205,0.08398861703524235,nein,"PER: 0,004
OVU: <0,001
LUT: 0,084",Friedman,2.363636363636374,"2,364",2,0.30672055757655525,nein,0.1074380165289261,,,,,,DJ bilateral,Biceps Femoris,Bodenkontakt,peak_rms,,,,
279.787872551547,264.62047431777205,11,181.91758773382207,177.22930264486294,11,205.12289263367785,124.8304848843466,11,11,0.7870404998514284,0.0063532999242197,0.6997185190136112,0.00046387514584182634,0.8677212484965766,0.07246019330565054,nein,"PER: 0,006
OVU: <0,001
LUT: 0,072",Friedman,4.9090909090909065,"4,909",2,0.0859022330378764,nein,0.2231404958677685,,,,,,DJ bilateral,Biceps Femoris,Gesamt,mean_rms,,,,
1352.910389475953,1407.1446945779405,11,914.3278467527329,1096.6869708042943,11,704.782174551734,472.4838284951431,11,11,0.8085642146196975,0.012195280196291923,0.6522908552488833,0.0001151766850536073,0.8663984781063316,0.06967037842239575,nein,"PER: 0,012
OVU: <0,001
LUT: 0,070",Friedman,1.2727272727272805,"1,273",2,0.5292133415000482,nein,0.05785123966942184,,,,,,DJ bilateral,Biceps Femoris,Gesamt,peak_rms,,,,
390.938898175326,637.4628269996207,11,180.1346968497711,271.1215455489153,11,232.74744953485103,286.62324617346,11,11,0.5957610586292235,2.2518072034952212e-05,0.586568326914793,1.7318278786545958e-05,0.6588879757184507,0.00013962329759660804,nein,"PER: <0,001
OVU: <0,001
LUT: <0,001",Friedman,3.818181818181813,"3,818",2,0.14821506633752052,nein,0.17355371900826422,,,,,,DJ bilateral,Biceps Femoris,Landung2,mean_rms,,,,
852.0132750903381,1473.4174587927932,11,452.8639895852973,836.8625399499944,11,459.67076637319036,482.14516072424567,11,11,0.5686464744459754,1.0403356303882247e-05,0.5102053502569674,2.013856930755161e-06,0.6983121516084965,0.0004449641649084499,nein,"PER: <0,001
OVU: <0,001
LUT: <0,001",Friedman,2.9090909090909065,"2,909",2,0.2335064790909137,nein,0.13223140495867758,,,,,,DJ bilateral,Biceps Femoris,Landung2,peak_rms,,,,
736.5810181299828,485.4162605540929,11,759.2667497508031,440.71392481650713,11,890.593718795267,837.4767576567531,10,10,0.8593663839212892,0.07500667827256176,0.8777085232911654,0.122807351949693,0.7397135569484725,0.0026747273204318035,nein,"PER: 0,075
OVU: 0,123
LUT: 0,003",Friedman,2.4000000000000057,"2,400",2,0.3011942119122012,nein,0.12000000000000029,,,,,,DJ bilateral,Gastrocnemius medial,Bodenkontakt,mean_rms,,,,
1316.5161099645595,826.6193366825037,11,1429.3850555183462,736.5455092161976,11,1524.336919374858,1377.650658372318,10,10,0.9192160956974371,0.35046321694136884,0.9097923004560419,0.2795673922539764,0.7388783179931145,0.0026128537582294545,nein,"PER: 0,350
OVU: 0,280
LUT: 0,003",Friedman,0.6000000000000085,"0,600",2,0.7408182206817147,nein,0.030000000000000426,,,,,,DJ bilateral,Gastrocnemius medial,Bodenkontakt,peak_rms,,,,
478.93759232134346,371.97204645260956,11,407.9488647042392,202.8789538738709,11,589.5177849556654,632.012638765167,10,10,0.8379881236899231,0.0417406387017971,0.8625945764572386,0.08187104870932432,0.7054216396782602,0.0010248249485762632,nein,"PER: 0,042
OVU: 0,082
LUT: 0,001",Friedman,0.8000000000000114,"0,800",2,0.6703200460356356,nein,0.04000000000000057,,,,,,DJ bilateral,Gastrocnemius medial,Gesamt,mean_rms,,,,
1496.2261732377679,1297.9246042725254,11,1507.758809274852,759.8687604086465,11,1713.9817231060697,1565.416468838239,10,10,0.775113908102703,0.007218472428202003,0.9108341237921718,0.2867698631304143,0.7684062738625036,0.005980370579420494,nein,"PER: 0,007
OVU: 0,287
LUT: 0,006",Friedman,1.8000000000000114,"1,800",2,0.4065696597405968,nein,0.09000000000000057,,,,,,DJ bilateral,Gastrocnemius medial,Gesamt,peak_rms,,,,
388.81585094942216,556.5821522143693,11,366.6191370996926,299.95107699924085,11,414.2372773679281,430.5675481723502,10,10,0.5149504804302341,5.4475683179731455e-06,0.7929783919505138,0.011910963576972453,0.7217418391061388,0.0016171109809220996,nein,"PER: <0,001
OVU: 0,012
LUT: 0,002",Friedman,0.20000000000000284,"0,200",2,0.9048374180359583,nein,0.010000000000000142,,,,,,DJ bilateral,Gastrocnemius medial,Landung2,mean_rms,,,,
1008.2444058195352,1319.8941315847196,11,858.4816022956497,640.3219412595173,11,1338.5623242964184,1597.8755533215285,10,10,0.642743641558079,0.00017954624576983262,0.8856687975350664,0.1514814496681815,0.7257524321930136,0.0018091575989109922,nein,"PER: <0,001
OVU: 0,151
LUT: 0,002",Friedman,0.6000000000000085,"0,600",2,0.7408182206817147,nein,0.030000000000000426,,,,,,DJ bilateral,Gastrocnemius medial,Landung2,peak_rms,,,,
384.20941615300814,518.4179059171028,11,456.1484852282087,511.12999866839004,11,305.5931977755459,307.19596833932843,11,11,0.5691005790168223,1.053818680559513e-05,0.6829921426694641,0.00028310421690531495,0.780913505573644,0.005278388715122743,nein,"PER: <0,001
OVU: <0,001
LUT: 0,005",Friedman,0.7272727272727195,"0,727",2,0.6951439283988814,nein,0.03305785123966907,,,,,,DJ bilateral,Gluteus Medius,Bodenkontakt,mean_rms,,,,
766.7108266523729,866.4921663910333,11,996.5350823588229,1194.0767601936466,11,675.5211908669604,829.0031838091546,11,11,0.6526911293151196,0.00011652826691049439,0.7005940431083015,0.00047605631054491,0.7182957991591752,0.0008052433702427062,nein,"PER: <0,001
OVU: <0,001
LUT: <0,001",Friedman,3.4545454545454675,"3,455",2,0.17776857282813668,nein,0.15702479338843034,,,,,,DJ bilateral,Gluteus Medius,Bodenkontakt,peak_rms,,,,
203.4948322879644,270.9432948163184,11,294.6398142087381,344.6174210731001,11,181.8111161790466,189.8018856555569,11,11,0.5656618842312497,9.559552181023881e-06,0.7036765922068724,0.0005215761600426534,0.7486578204341643,0.001996457367000698,nein,"PER: <0,001
OVU: <0,001
LUT: 0,002",Friedman,2.363636363636374,"2,364",2,0.30672055757655525,nein,0.1074380165289261,,,,,,DJ bilateral,Gluteus Medius,Gesamt,mean_rms,,,,
772.5922805508341,884.8449276951242,11,1024.4129821202537,1220.3601018551035,11,678.2816866874753,828.4094601413681,11,11,0.6465523439161356,9.745410564091606e-05,0.7120392214114993,0.0006685031485849427,0.7169848509156638,0.0007744248211191116,nein,"PER: <0,001
OVU: <0,001
LUT: <0,001",Friedman,3.4545454545454675,"3,455",2,0.17776857282813668,nein,0.15702479338843034,,,,,,DJ bilateral,Gluteus Medius,Gesamt,peak_rms,,,,
219.02315461267514,325.17065899760655,11,308.7596006961405,430.21646614018516,11,248.56439902153167,335.97381852832035,11,11,0.5778140460153851,1.3496833976546768e-05,0.6198020883224038,4.491205130923489e-05,0.6858081989644552,0.0003075888555538904,nein,"PER: <0,001
OVU: <0,001
LUT: <0,001",Friedman,0.7272727272727195,"0,727",2,0.6951439283988814,nein,0.03305785123966907,,,,,,DJ bilateral,Gluteus Medius,Landung2,mean_rms,,,,
536.1085168558543,932.4400735611907,11,722.5529898371558,924.1291165318731,11,542.5628780638463,794.0574422291645,11,11,0.5081153522751839,1.900025207197064e-06,0.6691771778013237,0.00018866914113461092,0.6611472655080446,0.00014915162463655375,nein,"PER: <0,001
OVU: <0,001
LUT: <0,001",Friedman,2.363636363636374,"2,364",2,0.30672055757655525,nein,0.1074380165289261,,,,,,DJ bilateral,Gluteus Medius,Landung2,peak_rms,,,,
353.3412045720342,261.14812741157846,11,251.92567929915137,150.70893577424917,11,292.9738504193928,197.20176317695203,11,11,0.6807369752834057,0.000264923900754262,0.7869302973012365,0.006332145299947909,0.6856924525570094,0.00030654148956780434,nein,"PER: <0,001
OVU: 0,006
LUT: <0,001",Friedman,6.545454545454561,"6,545",2,0.037902914400958214,ja,0.2975206611570255,,,,,,DJ bilateral,Semitendinosus,Bodenkontakt,mean_rms,0.1259765625,1.0,0.6181640625,
791.087544937001,618.247297236107,11,480.3973406909816,297.7769975918952,11,676.2444991996282,554.7900921274503,11,11,0.6806007236852699,0.0002638640820032189,0.7340173856463248,0.0012873342401140998,0.6332619448420798,6.626326696672394e-05,nein,"PER: <0,001
OVU: 0,001
LUT: <0,001",Friedman,7.0909090909090935,"7,091",2,0.02885550339038819,ja,0.32231404958677695,,,,,,DJ bilateral,Semitendinosus,Bodenkontakt,peak_rms,0.0732421875,1.0,0.2490234375,
209.70623593477222,122.58964474219952,11,154.28091743243957,85.97541629782037,11,192.52247508416377,120.11884667484989,11,11,0.7460115240681257,0.0018439912567322985,0.7627105250838242,0.003046862583940988,0.7459873766231794,0.0018426554832757533,nein,"PER: 0,002
OVU: 0,003
LUT: 0,002",Friedman,4.9090909090909065,"4,909",2,0.0859022330378764,nein,0.2231404958677685,,,,,,DJ bilateral,Semitendinosus,Gesamt,mean_rms,,,,
807.3954262585565,668.9829933452403,11,551.006053514668,313.5814889955286,11,702.1780293340572,546.1811964326488,11,11,0.6559481418270727,0.00012813979746737405,0.8551260433933847,0.04977203292314753,0.6439919674128601,9.046248448194033e-05,nein,"PER: <0,001
OVU: 0,050
LUT: <0,001",Friedman,3.818181818181813,"3,818",2,0.14821506633752052,nein,0.17355371900826422,,,,,,DJ bilateral,Semitendinosus,Gesamt,peak_rms,,,,
191.4197939871995,255.56358963735198,11,131.8410464895315,72.10465575044253,11,140.19538108185864,82.70015802503266,11,11,0.539291699861041,4.543134927429498e-06,0.7772468857503134,0.0047246009408359445,0.9702352702049699,0.8888930269529036,nein,"PER: <0,001
OVU: 0,005
LUT: 0,889",Friedman,0.545454545454561,"0,545",2,0.7613003866968678,nein,0.02479338842975277,,,,,,DJ bilateral,Semitendinosus,Landung2,mean_rms,,,,
514.2795533874377,746.6303483726456,11,313.39829510838024,207.8399787556795,11,324.0437428653777,185.96309752832502,11,11,0.553237130166731,6.727899909535591e-06,0.6617089765671726,0.0001516210059523644,0.9085422808741468,0.23436406502996043,nein,"PER: <0,001
OVU: <0,001
LUT: 0,234",Friedman,1.2727272727272805,"1,273",2,0.5292133415000482,nein,0.05785123966942184,,,,,,DJ bilateral,Semitendinosus,Landung2,peak_rms,,,,
189.07475180309268,136.93361985046946,11,87.92857182345209,38.62802482466123,11,128.25044363958685,58.36828169753104,11,11,0.7972255033631342,0.00864866412468055,0.9608422333591705,0.7821552149718539,0.9341838942536578,0.45470958292982816,nein,"PER: 0,009
OVU: 0,782
LUT: 0,455",Friedman,6.545454545454561,"6,545",2,0.037902914400958214,ja,0.2975206611570255,,,,,,DJ bilateral,Vastus Lateralis,Bodenkontakt,mean_rms,0.0205078125,0.9609375,0.2490234375,
404.0653968209345,351.9067024096064,11,156.7325494753062,67.21964445954517,11,248.1435303219023,126.69118365524356,11,11,0.7432257090015849,0.0016961512047276982,0.8752316275722447,0.09046431979398281,0.9178810607274599,0.3013850873246658,nein,"PER: 0,002
OVU: 0,090
LUT: 0,301",Friedman,5.636363636363626,"5,636",2,0.059714415732185576,nein,0.25619834710743755,,,,,,DJ bilateral,Vastus Lateralis,Bodenkontakt,peak_rms,,,,
108.59989253506224,89.01723209124266,11,51.90141817899919,19.212591721701855,11,73.99689609988322,29.432945475969664,11,11,0.736550458019333,0.001388700876166547,0.9627585135670771,0.8055691033861337,0.9558035753259869,0.7184883215223723,nein,"PER: 0,001
OVU: 0,806
LUT: 0,718",Friedman,4.9090909090909065,"4,909",2,0.0859022330378764,nein,0.2231404958677685,,,,,,DJ bilateral,Vastus Lateralis,Gesamt,mean_rms,,,,
404.0653968209345,351.9067024096064,11,159.53650505136608,65.39629993962004,11,250.23637180992336,123.9392304738291,11,11,0.7432257090015849,0.0016961512047276982,0.8832745813227111,0.11447514194649933,0.9110688748729017,0.25109430139928335,nein,"PER: 0,002
OVU: 0,114
LUT: 0,251",Friedman,5.636363636363626,"5,636",2,0.059714415732185576,nein,0.25619834710743755,,,,,,DJ bilateral,Vastus Lateralis,Gesamt,peak_rms,,,,
119.82212738308226,132.8147522264869,11,63.949591135798435,27.931416018872095,11,85.66180231113238,35.693013632077715,11,11,0.7159395822932889,0.0007507077748632646,0.9272205655689296,0.38342438804750745,0.9581285665963866,0.7481433202401255,nein,"PER: <0,001
OVU: 0,383
LUT: 0,748",Friedman,2.363636363636374,"2,364",2,0.30672055757655525,nein,0.1074380165289261,,,,,,DJ bilateral,Vastus Lateralis,Landung2,mean_rms,,,,
230.28459249448312,300.8726053736828,11,117.902333798914,54.49617341727703,11,153.64006554895525,78.9173715283032,11,11,0.6345215407041755,6.872558155256022e-05,0.971541845486865,0.9016533574720902,0.9505701388626903,0.6512472715886636,nein,"PER: <0,001
OVU: 0,902
LUT: 0,651",Friedman,1.2727272727272805,"1,273",2,0.5292133415000482,nein,0.05785123966942184,,,,,,DJ bilateral,Vastus Lateralis,Landung2,peak_rms,,,,
88.4621310900475,37.610304826275524,11,82.96376100480622,47.95487356844314,11,112.77407285002319,89.25533522983156,11,11,0.8701971009998202,0.07797515172422759,0.712208421163304,0.0006718729693226619,0.614376254442931,3.8413695983961774e-05,nein,"PER: 0,078
OVU: <0,001
LUT: <0,001",Friedman,1.636363636363626,"1,636",2,0.44123316775998644,nein,0.07438016528925573,,,,,,SQ einbeinig R,Biceps Femoris,Gesamt,mean_rms,,,,
229.7584858793484,122.18360702886243,11,214.0742634699727,131.3753409815333,11,290.69025188151676,195.20195287712286,11,11,0.904352148406545,0.20876779690203107,0.8570919724651916,0.052789228150347166,0.8360102955458667,0.027997315993771553,nein,"PER: 0,209
OVU: 0,053
LUT: 0,028",Friedman,0.545454545454561,"0,545",2,0.7613003866968678,nein,0.02479338842975277,,,,,,SQ einbeinig R,Biceps Femoris,Gesamt,peak_rms,,,,
122.63636069094801,58.72266239688859,11,145.21583302979113,126.46254555768853,11,101.91557360911435,64.5184374348252,11,11,0.8591231760318957,0.05609429544423938,0.6072207118618962,3.127205897995691e-05,0.8908283999061413,0.1424192808846057,nein,"PER: 0,056
OVU: <0,001
LUT: 0,142",Friedman,3.4545454545454675,"3,455",2,0.17776857282813668,nein,0.15702479338843034,,,,,,SQ einbeinig R,Gastrocnemius medial,Gesamt,mean_rms,,,,
338.174879049156,215.0572370471674,11,372.8681663143285,247.65112069395377,11,295.74844108610984,274.97722099818975,11,11,0.8021454842841897,0.010039170468030911,0.8445629708548439,0.0362380960176729,0.774318421228668,0.004324555812094949,nein,"PER: 0,010
OVU: 0,036
LUT: 0,004",Friedman,2.181818181818187,"2,182",2,0.3359109812391617,nein,0.0991735537190085,,,,,,SQ einbeinig R,Gastrocnemius medial,Gesamt,peak_rms,,,,
143.88301754469506,101.3573811891794,11,145.51322191910825,117.3851787172302,11,181.14880644643566,107.15028334135613,11,11,0.9237369618233204,0.35100323951467294,0.916244107583577,0.2885879601953819,0.9484035380111372,0.6236233412031803,ja,"PER: 0,351
OVU: 0,289
LUT: 0,624",ANOVA,,"1,327","2, 20",0.28762312110006155,nein,,5.131783082814537,nein,nein,0.11715923286575759,mittel,SQ einbeinig R,Gluteus Medius,Gesamt,mean_rms,,,,1.327070942204719
337.38945191558395,226.28147248174596,11,346.92415265362746,267.7063256588941,11,442.4122411036869,282.3954657088554,11,11,0.9118518675264226,0.2564845613753446,0.9055237836549634,0.2156628381352098,0.9188015656956178,0.3087846281628182,ja,"PER: 0,256
OVU: 0,216
LUT: 0,309",ANOVA,,"1,658","2, 20",0.21574681666968054,nein,,4.385184682237236,nein,nein,0.14218341297719195,gross,SQ einbeinig R,Gluteus Medius,Gesamt,peak_rms,,,,1.6575036567043149
162.8688329359388,91.21717922898121,11,132.1227915226886,73.86535590354994,11,140.16711644369693,71.19035535640188,11,11,0.8814404539794684,0.10851742229459216,0.8761270405524316,0.09287807533398404,0.8812201965467231,0.10782208406840671,ja,"PER: 0,109
OVU: 0,093
LUT: 0,108",ANOVA,,"1,437","2, 20",0.2611675713888412,nein,,0.09427497632344954,nein,nein,0.12563669084720222,mittel,SQ einbeinig R,Semitendinosus,Gesamt,mean_rms,,,,1.436893446145815
364.67298035503944,206.43876515322702,11,322.32339233781113,235.36885009835925,11,331.72463726449513,183.46214142213248,11,11,0.8809232027143746,0.10689119295498922,0.761375236283321,0.0029267234207685615,0.8719152438404273,0.08203818551372741,nein,"PER: 0,107
OVU: 0,003
LUT: 0,082",Friedman,1.636363636363626,"1,636",2,0.44123316775998644,nein,0.07438016528925573,,,,,,SQ einbeinig R,Semitendinosus,Gesamt,peak_rms,,,,
71.06809913278384,38.32924439431488,11,55.85286624177228,24.740113501023405,11,77.19181424260405,26.60455279596108,11,11,0.9370935143877887,0.4869552209185026,0.9646587499522692,0.8281171874058311,0.9046929065583428,0.2107526169126792,ja,"PER: 0,487
OVU: 0,828
LUT: 0,211",ANOVA,,"1,848","2, 20",0.18344475037040278,nein,,3.7657064492553527,nein,nein,0.15598429308655778,gross,SQ einbeinig R,Vastus Lateralis,Gesamt,mean_rms,,,,1.8481207376695743
154.29969932947003,81.654591954775,11,127.01438685514191,61.965543724652285,11,177.90205094300143,59.41046029738639,11,11,0.9240174385977326,0.35353285305746174,0.9661323804513577,0.8450415692196118,0.9338532562959203,0.45113406520903304,ja,"PER: 0,354
OVU: 0,845
LUT: 0,451",ANOVA,,"1,834","2, 20",0.18556861310130257,nein,,5.793075669285785,nein,nein,0.15501217358452005,gross,SQ einbeinig R,Vastus Lateralis,Gesamt,peak_rms,,,,1.8344900214964832
