M_PER,SD_PER,n_PER,M_OVU,SD_OVU,n_OVU,M_LUT,SD_LUT,n_LUT,n_komplett,SW_stat_PER,SW_p_PER,SW_stat_OVU,SW_p_OVU,SW_stat_LUT,SW_p_LUT,Normalverteilung,SW_detail,Test,Chi2,Teststatistik,df,p_wert,Signifikant,Kendalls_W,Mauchly_p,Sphaerizitaet_verletzt,GG_Korrektur,eta2_p,eta2_interpretation,Uebung,Muskel,Abschnitt,Kennwert,F,posthoc_PER_OVU_p,posthoc_PER_LUT_p,posthoc_OVU_LUT_p
24.421936121528645,22.638724780651323,11,18.9752334171363,11.010357187091895,11,21.15654939717406,10.221948904508002,11,11,0.6836703183229571,0.00028881439569476924,0.8885602318269429,0.13341970611607634,0.9633534520978648,0.8127078227783101,nein,"PER: <0,001
OVU: 0,133
LUT: 0,813",Friedman,0.18181818181818699,"0,182",2,0.91310071628226,nein,0.00826446280991759,,,,,,CMJ bilateral,Biceps Femoris,Gesamt,mean_rms,,,,
125.19596736648377,175.76840517340676,11,82.93309757091112,44.116241494278704,11,88.60178880772149,51.811573085472844,11,11,0.48250326469437976,9.340137724679034e-07,0.8460894210350417,0.03794246192054522,0.9786607921336271,0.9582562963543568,nein,"PER: <0,001
OVU: 0,038
LUT: 0,958",Friedman,0.545454545454561,"0,545",2,0.7613003866968678,nein,0.02479338842975277,,,,,,CMJ bilateral,Biceps Femoris,Gesamt,peak_rms,,,,
43.74162469135195,78.85320759501225,11,25.642374608402722,28.953181564582387,11,26.94114928197863,16.20039087374692,11,11,0.48122352407169056,9.015783674053215e-07,0.5967116019556002,2.31388198392574e-05,0.9423123563254449,0.5480526342295101,nein,"PER: <0,001
OVU: <0,001
LUT: 0,548",Friedman,0.545454545454561,"0,545",2,0.7613003866968678,nein,0.02479338842975277,,,,,,CMJ bilateral,Biceps Femoris,Landung,mean_rms,,,,
93.50609561550532,185.8864246285675,11,52.72024566371601,49.398497530389854,11,57.037072030876374,39.13133569825233,11,11,0.4575905534578384,4.704779515002945e-07,0.7454515980612724,0.0018132674050703567,0.9321407328397388,0.4329133948236516,nein,"PER: <0,001
OVU: 0,002
LUT: 0,433",Friedman,0.7272727272727195,"0,727",2,0.6951439283988814,nein,0.03305785123966907,,,,,,CMJ bilateral,Biceps Femoris,Landung,peak_rms,,,,
21.18097518552506,5.059119319573892,11,23.855210018732677,7.2547727977685454,11,22.258344714375696,4.586643813218642,11,11,0.940810906052997,0.5300780092261077,0.7902305326489036,0.006997412534802841,0.9302149517145835,0.4130321259758518,nein,"PER: 0,530
OVU: 0,007
LUT: 0,413",Friedman,2.9090909090909065,"2,909",2,0.2335064790909137,nein,0.13223140495867758,,,,,,CMJ bilateral,Gastrocnemius medial,Gesamt,mean_rms,,,,
88.81727326447054,22.671496881710617,11,112.50358413211485,86.0016029222938,11,95.7300669960412,33.058207544521586,11,11,0.9416148889162685,0.5396656460234057,0.5525042420334298,6.590211270036253e-06,0.9661900484261945,0.8456926942618651,nein,"PER: 0,540
OVU: <0,001
LUT: 0,846",Friedman,0.18181818181818699,"0,182",2,0.91310071628226,nein,0.00826446280991759,,,,,,CMJ bilateral,Gastrocnemius medial,Gesamt,peak_rms,,,,
19.573174131097367,8.808016222715523,11,27.64042994116281,27.954501214575963,11,20.284306630179795,10.017154759912005,11,11,0.9255812996476456,0.367896321667175,0.5266175276322167,3.184287343978487e-06,0.9173504062528753,0.2971861306589443,nein,"PER: 0,368
OVU: <0,001
LUT: 0,297",Friedman,0.18181818181818699,"0,182",2,0.91310071628226,nein,0.00826446280991759,,,,,,CMJ bilateral,Gastrocnemius medial,Landung,mean_rms,,,,
59.270413673776744,30.118209763501586,11,76.83536031314398,96.94095695999896,11,54.16307399258084,31.73279449792426,11,11,0.8851490339251964,0.12088287144967375,0.499578981795606,1.4986913152483328e-06,0.9442064441688153,0.5711345466296219,nein,"PER: 0,121
OVU: <0,001
LUT: 0,571",Friedman,0.18181818181818699,"0,182",2,0.91310071628226,nein,0.00826446280991759,,,,,,CMJ bilateral,Gastrocnemius medial,Landung,peak_rms,,,,
17.510427448071674,9.506697181309796,11,22.043529394366793,12.017159149270915,11,18.770362068015597,11.49690987060534,11,11,0.943608934159118,0.5638068832501223,0.9454702879488748,0.5867637964930639,0.9359954584659045,0.4746237650842493,ja,"PER: 0,564
OVU: 0,587
LUT: 0,475",ANOVA,,"1,106","2, 20",0.3503862109204951,nein,,3.80203430355668,nein,nein,0.099560163045207,mittel,CMJ bilateral,Gluteus Medius,Gesamt,mean_rms,1.1056836776781287,,,
69.85397411202769,36.9367723917221,11,95.29649033808046,60.877150885418104,11,78.45540262451189,56.974764083066646,11,11,0.9388632301690123,0.5072276922288523,0.9307990461024666,0.4189933451309659,0.9104626693984414,0.2469884896076247,ja,"PER: 0,507
OVU: 0,419
LUT: 0,247",ANOVA,,"1,039","2, 20",0.3719893323559995,nein,,6.268158827000032,nein,nein,0.0941567581576118,mittel,CMJ bilateral,Gluteus Medius,Gesamt,peak_rms,1.0394376621512023,,,
25.15189080149925,21.55349483009225,11,31.8903143753952,23.009333642980916,11,33.847115542506984,39.139193785585064,11,11,0.7862516259570911,0.006203417143058182,0.9374963534607043,0.4915272537005633,0.7198506918368655,0.0008434075607079922,nein,"PER: 0,006
OVU: 0,492
LUT: <0,001",Friedman,0.18181818181818699,"0,182",2,0.91310071628226,nein,0.00826446280991759,,,,,,CMJ bilateral,Gluteus Medius,Landung,mean_rms,,,,
50.885788213188604,36.044762287892425,11,81.56139433621532,60.53442125496701,11,63.27833162316902,57.29185366823031,11,11,0.8915835014895189,0.14553882498334675,0.9227845100565553,0.342518336468533,0.8272456037815035,0.02147868220198546,nein,"PER: 0,146
OVU: 0,343
LUT: 0,021",Friedman,0.545454545454561,"0,545",2,0.7613003866968678,nein,0.02479338842975277,,,,,,CMJ bilateral,Gluteus Medius,Landung,peak_rms,,,,
22.720698324005703,7.339564213253026,11,20.17536479996138,10.16805070987195,11,22.584819258658545,7.9496066563352725,11,11,0.9149366789433818,0.2786953360930536,0.9455037253845486,0.5871795699575629,0.9329338532813024,0.44128932080524064,ja,"PER: 0,279
OVU: 0,587
LUT: 0,441",ANOVA,,"1,627","2, 20",0.22155419853005343,nein,,3.9205446545751625,nein,nein,0.1399018798805015,mittel,CMJ bilateral,Semitendinosus,Gesamt,mean_rms,1.6265804634134549,,,
88.62309486308006,30.051059584978894,11,74.83194238732376,34.923747589895655,11,87.61583728356348,39.32171354320663,11,11,0.9476193883061427,0.6136993384708747,0.9319238601273071,0.4306420315527444,0.9530274502001626,0.6828065187774092,ja,"PER: 0,614
OVU: 0,431
LUT: 0,683",ANOVA,,"2,175","2, 20",0.13976231824407828,nein,,0.18773815808214742,nein,nein,0.17862967265201057,gross,CMJ bilateral,Semitendinosus,Gesamt,peak_rms,2.174776306185342,,,
22.706494207569765,9.745672477256868,11,19.78078025876976,8.133058897683606,11,27.09227521563894,21.673587775976575,11,11,0.9304010615697621,0.414925008570917,0.9402625244545757,0.5235894302089383,0.8186839747062837,0.016572810410699548,nein,"PER: 0,415
OVU: 0,524
LUT: 0,017",Friedman,2.181818181818187,"2,182",2,0.3359109812391617,nein,0.0991735537190085,,,,,,CMJ bilateral,Semitendinosus,Landung,mean_rms,,,,
53.9087510423036,22.6380535287033,11,41.91593206533757,14.962042102651509,11,56.391046031639256,34.163006657333604,11,11,0.9272940310051683,0.38413160069141045,0.952824175788883,0.6801914112146854,0.9284744436021672,0.39562751770753357,ja,"PER: 0,384
OVU: 0,680
LUT: 0,396",ANOVA,,"1,511","2, 20",0.24474289203873945,nein,,1.8546501196478191,nein,nein,0.13129762519262894,mittel,CMJ bilateral,Semitendinosus,Landung,peak_rms,1.5114224272926995,,,
35.233093425243474,22.88315838174085,11,23.077251793870023,13.018377882954988,11,36.86817330970675,26.215149058422465,11,11,0.9566791387608994,0.7296944457613221,0.8891442740384927,0.13568482330568837,0.9251319099114037,0.3637238349818632,ja,"PER: 0,730
OVU: 0,136
LUT: 0,364",ANOVA,,"3,582","2, 20",0.04682489641081428,ja,,1.6188875549733366,nein,nein,0.26371206762559474,gross,CMJ bilateral,Vastus Lateralis,Gesamt,mean_rms,3.581643213615732,0.056642607582841925,1.0,0.15541492017169709
113.36879288364767,73.56096708517859,11,68.09759040252727,35.71194047309635,11,123.87520285688987,96.30171892022136,11,11,0.9005508986507953,0.1877352425735888,0.8882328017395076,0.1321653564067074,0.8711383450321668,0.0801763295657149,ja,"PER: 0,188
OVU: 0,132
LUT: 0,080",ANOVA,,"3,374","2, 20",0.054628766373438935,nein,,2.879086715223486,nein,nein,0.2522745903709199,gross,CMJ bilateral,Vastus Lateralis,Gesamt,peak_rms,3.373893505853497,,,
41.23337321615227,31.22671462093514,11,31.479332410026043,19.18199091503738,11,59.11910168380343,48.322155395840184,11,11,0.9161239060364367,0.28766635774212757,0.9177433024686905,0.3002903588045103,0.8545486237997941,0.04891837786826424,nein,"PER: 0,288
OVU: 0,300
LUT: 0,049",Friedman,4.545454545454561,"4,545",2,0.10303080346176338,nein,0.20661157024793458,,,,,,CMJ bilateral,Vastus Lateralis,Landung,mean_rms,,,,
72.78265733804518,56.02384815820085,11,54.733546113246845,30.232813398909325,11,113.43452009054467,96.91763077300783,11,11,0.9149577328069646,0.2788523527868588,0.9285839965773137,0.39670709478501387,0.8330023573858427,0.02556457864661684,nein,"PER: 0,279
OVU: 0,397
LUT: 0,026",Friedman,7.0909090909090935,"7,091",2,0.02885550339038819,ja,0.32231404958677695,,,,,,CMJ bilateral,Vastus Lateralis,Landung,peak_rms,,0.6181640625,0.2490234375,0.005859375
31.97690930757092,23.24570592307674,11,23.498777536584655,12.690739869122462,11,29.819143504696104,16.319094661807004,11,11,0.8382391654658721,0.029946625955586684,0.9694134011177962,0.8805457657546092,0.9789157446505063,0.9598322424612071,nein,"PER: 0,030
OVU: 0,881
LUT: 0,960",Friedman,3.818181818181813,"3,818",2,0.14821506633752052,nein,0.17355371900826422,,,,,,CMJ einbeinig R,Biceps Femoris,Gesamt,mean_rms,,,,
159.45004237301563,219.76100769490154,11,76.28838396176184,41.6115358854435,11,99.43502270790013,52.71632955805919,11,11,0.5702836945924301,1.08978313343533e-05,0.975988646601987,0.9397804698528177,0.9706823128979396,0.8933312725066613,nein,"PER: <0,001
OVU: 0,940
LUT: 0,893",Friedman,5.0909090909090935,"5,091",2,0.07843739051713058,nein,0.23140495867768607,,,,,,CMJ einbeinig R,Biceps Femoris,Gesamt,peak_rms,,,,
47.38555435849346,60.01623843268454,11,25.402394349330574,13.405212822808766,11,38.137619273881405,19.218436457559488,11,11,0.5501288473334216,6.163216721843615e-06,0.9315422349418787,0.42666506437926033,0.922203212685477,0.3374195923679417,nein,"PER: <0,001
OVU: 0,427
LUT: 0,337",Friedman,7.818181818181813,"7,818",2,0.020058727982721684,ja,0.35537190082644604,,,,,,CMJ einbeinig R,Biceps Femoris,Landung,mean_rms,,0.1611328125,1.0,0.0087890625
122.89475272164782,224.0801077222382,11,54.502618330931526,29.629628283447413,11,80.22926500333162,42.19726205223274,11,11,0.42566981089287514,1.967611315609142e-07,0.9536076582185029,0.6902717593905947,0.9555551365711787,0.7153023926332701,nein,"PER: <0,001
OVU: 0,690
LUT: 0,715",Friedman,6.545454545454561,"6,545",2,0.037902914400958214,ja,0.2975206611570255,,,,,,CMJ einbeinig R,Biceps Femoris,Landung,peak_rms,,0.5244140625,1.0,0.0556640625
35.07650835599641,13.957340269041921,11,32.229883790125776,9.236164664199915,11,29.572107803812205,13.228849069656308,11,11,0.8296720861935529,0.023115168585125426,0.7999536368931318,0.00939398422960646,0.8668388099973838,0.07058731290543545,nein,"PER: 0,023
OVU: 0,009
LUT: 0,071",Friedman,1.636363636363626,"1,636",2,0.44123316775998644,nein,0.07438016528925573,,,,,,CMJ einbeinig R,Gastrocnemius medial,Gesamt,mean_rms,,,,
118.25041980643435,47.85698829586731,11,124.71668017840135,79.26418454347312,11,99.13867134661922,40.268149829216654,11,11,0.8613673190561912,0.05998079847222368,0.6470161803068926,9.877801023139769e-05,0.9442255762345112,0.5713698488562718,nein,"PER: 0,060
OVU: <0,001
LUT: 0,571",Friedman,2.363636363636374,"2,364",2,0.30672055757655525,nein,0.1074380165289261,,,,,,CMJ einbeinig R,Gastrocnemius medial,Gesamt,peak_rms,,,,
31.24426864666077,10.593086523444727,11,33.72318009562829,17.42443019039928,11,26.85182165367055,11.910213617538458,11,11,0.9405131364737342,0.5265495132354786,0.8343586261845767,0.02663439656606321,0.9771824456917246,0.9484712376268113,nein,"PER: 0,527
OVU: 0,027
LUT: 0,948",Friedman,0.545454545454561,"0,545",2,0.7613003866968678,nein,0.02479338842975277,,,,,,CMJ einbeinig R,Gastrocnemius medial,Landung,mean_rms,,,,
95.695339166465,34.61302867280626,11,94.87573793161629,87.55110317724782,11,70.45210332486907,38.619858840219365,11,11,0.9482161824311716,0.6212481186163966,0.6293771205804444,5.921667014508343e-05,0.9656548577206963,0.8396165127820069,nein,"PER: 0,621
OVU: <0,001
LUT: 0,840",Friedman,2.181818181818187,"2,182",2,0.3359109812391617,nein,0.0991735537190085,,,,,,CMJ einbeinig R,Gastrocnemius medial,Landung,peak_rms,,,,
32.32156201110476,21.12388640388183,11,36.10432711298374,21.548515859195305,11,37.84778255088269,21.349041560953786,11,11,0.9053078274148672,0.21437692140817477,0.9159330163860764,0.28620783275756045,0.9572042448543928,0.7363950378332544,ja,"PER: 0,214
OVU: 0,286
LUT: 0,736",ANOVA,,"0,494","2, 20",0.6172294741648712,nein,,0.5612390741217881,nein,nein,0.047105839230544955,klein,CMJ einbeinig R,Gluteus Medius,Gesamt,mean_rms,0.4943449248603574,,,
97.83004518750136,60.63326205956485,11,121.75164782994017,103.72668612495379,11,102.08812985361095,63.17287768245335,11,11,0.9179392101226627,0.3018481712696901,0.8133188176248309,0.014085813334396492,0.9406310523684261,0.5279453130816902,nein,"PER: 0,302
OVU: 0,014
LUT: 0,528",Friedman,0.18181818181818699,"0,182",2,0.91310071628226,nein,0.00826446280991759,,,,,,CMJ einbeinig R,Gluteus Medius,Gesamt,peak_rms,,,,
47.052746547321846,31.186113441923133,11,63.87195002478636,56.445063452699856,11,56.32585058502929,40.88045175393634,11,11,0.8902748662758738,0.1401721552438508,0.832080322706341,0.02486173318367914,0.8510324704489678,0.044021522612595364,nein,"PER: 0,140
OVU: 0,025
LUT: 0,044",Friedman,0.18181818181818699,"0,182",2,0.91310071628226,nein,0.00826446280991759,,,,,,CMJ einbeinig R,Gluteus Medius,Landung,mean_rms,,,,
84.04902631908521,50.63213806568957,11,115.23944082997724,105.82574593977931,11,90.20843051403457,63.27732820224396,11,11,0.9095285040026488,0.24077534354215907,0.8231531687653232,0.018975569465898772,0.8965860082245124,0.16785867746331523,nein,"PER: 0,241
OVU: 0,019
LUT: 0,168",Friedman,0.7272727272727195,"0,727",2,0.6951439283988814,nein,0.03305785123966907,,,,,,CMJ einbeinig R,Gluteus Medius,Landung,peak_rms,,,,
36.0616664312751,16.964023886048427,11,27.832722794650532,11.532690972458004,11,30.249408297448216,11.100299291636407,11,11,0.9375388587650063,0.49201115198233847,0.9318918644364926,0.4303076250442871,0.8929464025076287,0.15133066433399006,ja,"PER: 0,492
OVU: 0,430
LUT: 0,151",ANOVA,,"3,485","2, 20",0.05029246842392393,nein,,3.1407018227111885,nein,nein,0.25843317094495516,gross,CMJ einbeinig R,Semitendinosus,Gesamt,mean_rms,3.4849613119058787,,,
101.70485526373437,45.3222850630537,11,85.02177982968037,32.466569132774524,11,93.7253503160251,40.365621989501705,11,11,0.9617569015252702,0.793405482048221,0.9107687011001925,0.24905391681599692,0.9570751226226704,0.7347489809708119,ja,"PER: 0,793
OVU: 0,249
LUT: 0,735",ANOVA,,"1,182","2, 20",0.3272280290590829,nein,,0.8355702993129729,nein,nein,0.1056962545062634,mittel,CMJ einbeinig R,Semitendinosus,Gesamt,peak_rms,1.1818831693241931,,,
44.37354707990961,25.068292553254675,11,34.7742788404886,11.937069055446958,11,41.82478491704644,18.367834996868115,11,11,0.9014246906125865,0.19239343350434884,0.8078642091122614,0.011939238573848345,0.964004940059307,0.8204443247539108,nein,"PER: 0,192
OVU: 0,012
LUT: 0,820",Friedman,2.363636363636374,"2,364",2,0.30672055757655525,nein,0.1074380165289261,,,,,,CMJ einbeinig R,Semitendinosus,Landung,mean_rms,,,,
80.19065775255183,47.75718246344565,11,67.41027023581543,21.051066631374525,11,80.30808962734305,40.31242358111572,11,11,0.8836213581857354,0.1156358433898792,0.7397476858938994,0.0015282346290044293,0.970298767249246,0.8895278942673559,nein,"PER: 0,116
OVU: 0,002
LUT: 0,890",Friedman,0.545454545454561,"0,545",2,0.7613003866968678,nein,0.02479338842975277,,,,,,CMJ einbeinig R,Semitendinosus,Landung,peak_rms,,,,
37.99399887185472,32.077827261076635,11,25.519883192314264,14.8886632505765,11,47.3467434579197,42.3888776263572,11,11,0.8910765401689041,0.14343748780207588,0.890712880384412,0.14194756377263906,0.8016719885833297,0.009896135400294104,nein,"PER: 0,143
OVU: 0,142
LUT: 0,010",Friedman,8.909090909090907,"8,909",2,0.011625603038838514,ja,0.4049586776859503,,,,,,CMJ einbeinig R,Vastus Lateralis,Gesamt,mean_rms,,0.2490234375,1.0,0.005859375
110.7301374189227,91.39161430546979,11,69.15372617332984,38.90628678998185,11,139.1865976386501,129.539300095985,11,11,0.8884628302274407,0.133045410635297,0.8731193284411498,0.08500631364232454,0.7965297741971862,0.008468271341664176,nein,"PER: 0,133
OVU: 0,085
LUT: 0,008",Friedman,8.909090909090907,"8,909",2,0.011625603038838514,ja,0.4049586776859503,,,,,,CMJ einbeinig R,Vastus Lateralis,Gesamt,peak_rms,,0.1259765625,1.0,0.005859375
50.30161748801061,45.634685264028796,11,27.88761255780007,16.660469426111334,11,59.85764004231044,53.67414191650875,11,11,0.8122595554670976,0.013640747787308642,0.9246634362959318,0.3594128153313499,0.8464843044170891,0.03839608241018348,nein,"PER: 0,014
OVU: 0,359
LUT: 0,038",Friedman,11.090909090909093,"11,091",2,0.003905167724273222,ja,0.5041322314049588,,,,,,CMJ einbeinig R,Vastus Lateralis,Landung,mean_rms,,0.0966796875,1.0,0.0087890625
81.08115214906472,61.64454416460377,11,43.40725358218461,27.919145953034477,11,96.83711947404667,92.36827500944104,11,11,0.8928086627103825,0.1507357521643487,0.892702217120007,0.15027748855936274,0.8091251842288326,0.012404424633799127,nein,"PER: 0,151
OVU: 0,150
LUT: 0,012",Friedman,13.818181818181813,"13,818",2,0.0009986652614481502,ja,0.6280991735537188,,,,,,CMJ einbeinig R,Vastus Lateralis,Landung,peak_rms,,0.0966796875,1.0,0.0029296875
490.486716655876,468.50637032419513,11,368.5974575959732,374.6834622228782,11,314.5105178406878,161.8120826113099,11,11,0.7700029885592572,0.0037962787713648216,0.7054996581447466,0.000550542826370212,0.8889216297422284,0.13481712087885056,nein,"PER: 0,004
OVU: <0,001
LUT: 0,135",Friedman,4.9090909090909065,"4,909",2,0.0859022330378764,nein,0.2231404958677685,,,,,,DJ bilateral,Biceps Femoris,Bodenkontakt,mean_rms,,,,
1216.4086444674888,1312.2129733144923,11,898.234593185259,1104.7463340591357,11,662.2441508405668,423.61421039368463,11,11,0.7734553986106427,0.0042132955784450875,0.6511651540446599,0.00011145997705672606,0.8727110997859205,0.08398861703524235,nein,"PER: 0,004
OVU: <0,001
LUT: 0,084",Friedman,2.363636363636374,"2,364",2,0.30672055757655525,nein,0.1074380165289261,,,,,,DJ bilateral,Biceps Femoris,Bodenkontakt,peak_rms,,,,
279.787872551547,264.62047431777205,11,181.91758773382207,177.22930264486294,11,205.12289263367785,124.8304848843466,11,11,0.7870404998514284,0.0063532999242197,0.6997185190136112,0.00046387514584182634,0.8677212484965766,0.07246019330565054,nein,"PER: 0,006
OVU: <0,001
LUT: 0,072",Friedman,4.9090909090909065,"4,909",2,0.0859022330378764,nein,0.2231404958677685,,,,,,DJ bilateral,Biceps Femoris,Gesamt,mean_rms,,,,
1352.910389475953,1407.1446945779405,11,914.3278467527329,1096.6869708042943,11,704.782174551734,472.4838284951431,11,11,0.8085642146196975,0.012195280196291923,0.6522908552488833,0.0001151766850536073,0.8663984781063316,0.06967037842239575,nein,"PER: 0,012
OVU: <0,001
LUT: 0,070",Friedman,1.2727272727272805,"1,273",2,0.5292133415000482,nein,0.05785123966942184,,,,,,DJ bilateral,Biceps Femoris,Gesamt,peak_rms,,,,
390.938898175326,637.4628269996207,11,180.1346968497711,271.1215455489153,11,232.74744953485103,286.62324617346,11,11,0.5957610586292235,2.2518072034952212e-05,0.586568326914793,1.7318278786545958e-05,0.6588879757184507,0.00013962329759660804,nein,"PER: <0,001
OVU: <0,001
LUT: <0,001",Friedman,3.818181818181813,"3,818",2,0.14821506633752052,nein,0.17355371900826422,,,,,,DJ bilateral,Biceps Femoris,Landung2,mean_rms,,,,
852.0132750903381,1473.4174587927932,11,452.8639895852973,836.8625399499944,11,459.67076637319036,482.14516072424567,11,11,0.5686464744459754,1.0403356303882247e-05,0.5102053502569674,2.013856930755161e-06,0.6983121516084965,0.0004449641649084499,nein,"PER: <0,001
OVU: <0,001
LUT: <0,001",Friedman,2.9090909090909065,"2,909",2,0.2335064790909137,nein,0.13223140495867758,,,,,,DJ bilateral,Biceps Femoris,Landung2,peak_rms,,,,
736.5810181299828,485.4162605540929,11,759.2667497508031,440.71392481650713,11,890.593718795267,837.4767576567531,10,10,0.8593663839212892,0.07500667827256176,0.8777085232911654,0.122807351949693,0.7397135569484725,0.0026747273204318035,nein,"PER: 0,075
OVU: 0,123
LUT: 0,003",Friedman,2.4000000000000057,"2,400",2,0.3011942119122012,nein,0.12000000000000029,,,,,,DJ bilateral,Gastrocnemius medial,Bodenkontakt,mean_rms,,,,
1316.5161099645595,826.6193366825037,11,1429.3850555183462,736.5455092161976,11,1524.336919374858,1377.650658372318,10,10,0.9192160956974371,0.35046321694136884,0.9097923004560419,0.2795673922539764,0.7388783179931145,0.0026128537582294545,nein,"PER: 0,350
OVU: 0,280
LUT: 0,003",Friedman,0.6000000000000085,"0,600",2,0.7408182206817147,nein,0.030000000000000426,,,,,,DJ bilateral,Gastrocnemius medial,Bodenkontakt,peak_rms,,,,
478.93759232134346,371.97204645260956,11,407.9488647042392,202.8789538738709,11,589.5177849556654,632.012638765167,10,10,0.8379881236899231,0.0417406387017971,0.8625945764572386,0.08187104870932432,0.7054216396782602,0.0010248249485762632,nein,"PER: 0,042
OVU: 0,082
LUT: 0,001",Friedman,0.8000000000000114,"0,800",2,0.6703200460356356,nein,0.04000000000000057,,,,,,DJ bilateral,Gastrocnemius medial,Gesamt,mean_rms,,,,
1496.2261732377679,1297.9246042725254,11,1507.758809274852,759.8687604086465,11,1713.9817231060697,1565.416468838239,10,10,0.775113908102703,0.007218472428202003,0.9108341237921718,0.2867698631304143,0.7684062738625036,0.005980370579420494,nein,"PER: 0,007
OVU: 0,287
LUT: 0,006",Friedman,1.8000000000000114,"1,800",2,0.4065696597405968,nein,0.09000000000000057,,,,,,DJ bilateral,Gastrocnemius medial,Gesamt,peak_rms,,,,
388.81585094942216,556.5821522143693,11,366.6191370996926,299.95107699924085,11,414.2372773679281,430.5675481723502,10,10,0.5149504804302341,5.4475683179731455e-06,0.7929783919505138,0.011910963576972453,0.7217418391061388,0.0016171109809220996,nein,"PER: <0,001
OVU: 0,012
LUT: 0,002",Friedman,0.20000000000000284,"0,200",2,0.9048374180359583,nein,0.010000000000000142,,,,,,DJ bilateral,Gastrocnemius medial,Landung2,mean_rms,,,,
1008.2444058195352,1319.8941315847196,11,858.4816022956497,640.3219412595173,11,1338.5623242964184,1597.8755533215285,10,10,0.642743641558079,0.00017954624576983262,0.8856687975350664,0.1514814496681815,0.7257524321930136,0.0018091575989109922,nein,"PER: <0,001
OVU: 0,151
LUT: 0,002",Friedman,0.6000000000000085,"0,600",2,0.7408182206817147,nein,0.030000000000000426,,,,,,DJ bilateral,Gastrocnemius medial,Landung2,peak_rms,,,,
384.20941615300814,518.4179059171028,11,456.1484852282087,511.12999866839004,11,305.5931977755459,307.19596833932843,11,11,0.5691005790168223,1.053818680559513e-05,0.6829921426694641,0.00028310421690531495,0.780913505573644,0.005278388715122743,nein,"PER: <0,001
OVU: <0,001
LUT: 0,005",Friedman,0.7272727272727195,"0,727",2,0.6951439283988814,nein,0.03305785123966907,,,,,,DJ bilateral,Gluteus Medius,Bodenkontakt,mean_rms,,,,
766.7108266523729,866.4921663910333,11,996.5350823588229,1194.0767601936466,11,675.5211908669604,829.0031838091546,11,11,0.6526911293151196,0.00011652826691049439,0.7005940431083015,0.00047605631054491,0.7182957991591752,0.0008052433702427062,nein,"PER: <0,001
OVU: <0,001
LUT: <0,001",Friedman,3.4545454545454675,"3,455",2,0.17776857282813668,nein,0.15702479338843034,,,,,,DJ bilateral,Gluteus Medius,Bodenkontakt,peak_rms,,,,
203.4948322879644,270.9432948163184,11,294.6398142087381,344.6174210731001,11,181.8111161790466,189.8018856555569,11,11,0.5656618842312497,9.559552181023881e-06,0.7036765922068724,0.0005215761600426534,0.7486578204341643,0.001996457367000698,nein,"PER: <0,001
OVU: <0,001
LUT: 0,002",Friedman,2.363636363636374,"2,364",2,0.30672055757655525,nein,0.1074380165289261,,,,,,DJ bilateral,Gluteus Medius,Gesamt,mean_rms,,,,
772.5922805508341,884.8449276951242,11,1024.4129821202537,1220.3601018551035,11,678.2816866874753,828.4094601413681,11,11,0.6465523439161356,9.745410564091606e-05,0.7120392214114993,0.0006685031485849427,0.7169848509156638,0.0007744248211191116,nein,"PER: <0,001
OVU: <0,001
LUT: <0,001",Friedman,3.4545454545454675,"3,455",2,0.17776857282813668,nein,0.15702479338843034,,,,,,DJ bilateral,Gluteus Medius,Gesamt,peak_rms,,,,
219.02315461267514,325.17065899760655,11,308.7596006961405,430.21646614018516,11,248.56439902153167,335.97381852832035,11,11,0.5778140460153851,1.3496833976546768e-05,0.6198020883224038,4.491205130923489e-05,0.6858081989644552,0.0003075888555538904,nein,"PER: <0,001
OVU: <0,001
LUT: <0,001",Friedman,0.7272727272727195,"0,727",2,0.6951439283988814,nein,0.03305785123966907,,,,,,DJ bilateral,Gluteus Medius,Landung2,mean_rms,,,,
536.1085168558543,932.4400735611907,11,722.5529898371558,924.1291165318731,11,542.5628780638463,794.0574422291645,11,11,0.5081153522751839,1.900025207197064e-06,0.6691771778013237,0.00018866914113461092,0.6611472655080446,0.00014915162463655375,nein,"PER: <0,001
OVU: <0,001
LUT: <0,001",Friedman,2.363636363636374,"2,364",2,0.30672055757655525,nein,0.1074380165289261,,,,,,DJ bilateral,Gluteus Medius,Landung2,peak_rms,,,,
353.3412045720342,261.14812741157846,11,251.92567929915137,150.70893577424917,11,292.9738504193928,197.20176317695203,11,11,0.6807369752834057,0.000264923900754262,0.7869302973012365,0.006332145299947909,0.6856924525570094,0.00030654148956780434,nein,"PER: <0,001
OVU: 0,006
LUT: <0,001",Friedman,6.545454545454561,"6,545",2,0.037902914400958214,ja,0.2975206611570255,,,,,,DJ bilateral,Semitendinosus,Bodenkontakt,mean_rms,,0.1259765625,1.0,0.6181640625
791.087544937001,618.247297236107,11,480.3973406909816,297.7769975918952,11,676.2444991996282,554.7900921274503,11,11,0.6806007236852699,0.0002638640820032189,0.7340173856463248,0.0012873342401140998,0.6332619448420798,6.626326696672394e-05,nein,"PER: <0,001
OVU: 0,001
LUT: <0,001",Friedman,7.0909090909090935,"7,091",2,0.02885550339038819,ja,0.32231404958677695,,,,,,DJ bilateral,Semitendinosus,Bodenkontakt,peak_rms,,0.0732421875,1.0,0.2490234375
209.70623593477222,122.58964474219952,11,154.28091743243957,85.97541629782037,11,192.52247508416377,120.11884667484989,11,11,0.7460115240681257,0.0018439912567322985,0.7627105250838242,0.003046862583940988,0.7459873766231794,0.0018426554832757533,nein,"PER: 0,002
OVU: 0,003
LUT: 0,002",Friedman,4.9090909090909065,"4,909",2,0.0859022330378764,nein,0.2231404958677685,,,,,,DJ bilateral,Semitendinosus,Gesamt,mean_rms,,,,
807.3954262585565,668.9829933452403,11,551.006053514668,313.5814889955286,11,702.1780293340572,546.1811964326488,11,11,0.6559481418270727,0.00012813979746737405,0.8551260433933847,0.04977203292314753,0.6439919674128601,9.046248448194033e-05,nein,"PER: <0,001
OVU: 0,050
LUT: <0,001",Friedman,3.818181818181813,"3,818",2,0.14821506633752052,nein,0.17355371900826422,,,,,,DJ bilateral,Semitendinosus,Gesamt,peak_rms,,,,
191.4197939871995,255.56358963735198,11,131.8410464895315,72.10465575044253,11,140.19538108185864,82.70015802503266,11,11,0.539291699861041,4.543134927429498e-06,0.7772468857503134,0.0047246009408359445,0.9702352702049699,0.8888930269529036,nein,"PER: <0,001
OVU: 0,005
LUT: 0,889",Friedman,0.545454545454561,"0,545",2,0.7613003866968678,nein,0.02479338842975277,,,,,,DJ bilateral,Semitendinosus,Landung2,mean_rms,,,,
514.2795533874377,746.6303483726456,11,313.39829510838024,207.8399787556795,11,324.0437428653777,185.96309752832502,11,11,0.553237130166731,6.727899909535591e-06,0.6617089765671726,0.0001516210059523644,0.9085422808741468,0.23436406502996043,nein,"PER: <0,001
OVU: <0,001
LUT: 0,234",Friedman,1.2727272727272805,"1,273",2,0.5292133415000482,nein,0.05785123966942184,,,,,,DJ bilateral,Semitendinosus,Landung2,peak_rms,,,,
189.07475180309268,136.93361985046946,11,87.92857182345209,38.62802482466123,11,128.25044363958685,58.36828169753104,11,11,0.7972255033631342,0.00864866412468055,0.9608422333591705,0.7821552149718539,0.9341838942536578,0.45470958292982816,nein,"PER: 0,009
OVU: 0,782
LUT: 0,455",Friedman,6.545454545454561,"6,545",2,0.037902914400958214,ja,0.2975206611570255,,,,,,DJ bilateral,Vastus Lateralis,Bodenkontakt,mean_rms,,0.0205078125,0.9609375,0.2490234375
404.0653968209345,351.9067024096064,11,156.7325494753062,67.21964445954517,11,248.1435303219023,126.69118365524356,11,11,0.7432257090015849,0.0016961512047276982,0.8752316275722447,0.09046431979398281,0.9178810607274599,0.3013850873246658,nein,"PER: 0,002
OVU: 0,090
LUT: 0,301",Friedman,5.636363636363626,"5,636",2,0.059714415732185576,nein,0.25619834710743755,,,,,,DJ bilateral,Vastus Lateralis,Bodenkontakt,peak_rms,,,,
108.59989253506224,89.01723209124266,11,51.90141817899919,19.212591721701855,11,73.99689609988322,29.432945475969664,11,11,0.736550458019333,0.001388700876166547,0.9627585135670771,0.8055691033861337,0.9558035753259869,0.7184883215223723,nein,"PER: 0,001
OVU: 0,806
LUT: 0,718",Friedman,4.9090909090909065,"4,909",2,0.0859022330378764,nein,0.2231404958677685,,,,,,DJ bilateral,Vastus Lateralis,Gesamt,mean_rms,,,,
404.0653968209345,351.9067024096064,11,159.53650505136608,65.39629993962004,11,250.23637180992336,123.9392304738291,11,11,0.7432257090015849,0.0016961512047276982,0.8832745813227111,0.11447514194649933,0.9110688748729017,0.25109430139928335,nein,"PER: 0,002
OVU: 0,114
LUT: 0,251",Friedman,5.636363636363626,"5,636",2,0.059714415732185576,nein,0.25619834710743755,,,,,,DJ bilateral,Vastus Lateralis,Gesamt,peak_rms,,,,
119.82212738308226,132.8147522264869,11,63.949591135798435,27.931416018872095,11,85.66180231113238,35.693013632077715,11,11,0.7159395822932889,0.0007507077748632646,0.9272205655689296,0.38342438804750745,0.9581285665963866,0.7481433202401255,nein,"PER: <0,001
OVU: 0,383
LUT: 0,748",Friedman,2.363636363636374,"2,364",2,0.30672055757655525,nein,0.1074380165289261,,,,,,DJ bilateral,Vastus Lateralis,Landung2,mean_rms,,,,
230.28459249448312,300.8726053736828,11,117.902333798914,54.49617341727703,11,153.64006554895525,78.9173715283032,11,11,0.6345215407041755,6.872558155256022e-05,0.971541845486865,0.9016533574720902,0.9505701388626903,0.6512472715886636,nein,"PER: <0,001
OVU: 0,902
LUT: 0,651",Friedman,1.2727272727272805,"1,273",2,0.5292133415000482,nein,0.05785123966942184,,,,,,DJ bilateral,Vastus Lateralis,Landung2,peak_rms,,,,
15.378036642335756,9.563084598420554,11,14.516955854868575,11.046982072743328,11,19.22158579008328,13.403190482296832,11,11,0.9535330132242298,0.6893113350454851,0.8478213692201527,0.03997205097747139,0.953171326992197,0.6846576390074639,nein,"PER: 0,689
OVU: 0,040
LUT: 0,685",Friedman,1.636363636363626,"1,636",2,0.44123316775998644,nein,0.07438016528925573,,,,,,SQ einbeinig R,Biceps Femoris,Gesamt,mean_rms,,,,
39.81344090609656,28.688603600153925,11,38.17022577596607,35.59169992035924,11,45.208203230510485,26.87349587145156,11,11,0.8714578398991503,0.08093702392466552,0.7580984126261012,0.002651731791787823,0.9586938552101233,0.7552934900395782,nein,"PER: 0,081
OVU: 0,003
LUT: 0,755",Friedman,0.545454545454561,"0,545",2,0.7613003866968678,nein,0.02479338842975277,,,,,,SQ einbeinig R,Biceps Femoris,Gesamt,peak_rms,,,,
10.644422701893056,3.7531499026272317,11,11.568199922465203,4.718899822966384,11,8.911409059887305,4.369946618218555,11,11,0.9273668309296934,0.3848333625954124,0.838706158840512,0.030371760350773658,0.9634730714962618,0.8141348223411462,nein,"PER: 0,385
OVU: 0,030
LUT: 0,814",Friedman,3.4545454545454675,"3,455",2,0.17776857282813668,nein,0.15702479338843034,,,,,,SQ einbeinig R,Gastrocnemius medial,Gesamt,mean_rms,,,,
28.06055771616428,10.327137611792608,11,30.25216500390237,11.77285075587492,11,23.063991189489002,11.581234803829533,11,11,0.9488309227187244,0.6290505665900152,0.9118157281205618,0.2562335971270594,0.9583865293691674,0.7514097971896013,ja,"PER: 0,629
OVU: 0,256
LUT: 0,751",ANOVA,,"2,089","2, 20",0.15005885222387716,nein,,0.5307301271434242,nein,nein,0.17277021707047963,gross,SQ einbeinig R,Gastrocnemius medial,Gesamt,peak_rms,2.0885396130037495,,,
25.02557640382503,19.279287526127188,11,28.480271265755945,17.773597401901505,11,33.58338264234418,19.325738896053313,11,11,0.8504463426139877,0.043253427566097125,0.8991289238093223,0.18037270108227638,0.9345816385338175,0.4590351863140463,nein,"PER: 0,043
OVU: 0,180
LUT: 0,459",Friedman,2.363636363636374,"2,364",2,0.30672055757655525,nein,0.1074380165289261,,,,,,SQ einbeinig R,Gluteus Medius,Gesamt,mean_rms,,,,
60.544566960089725,45.83398829900904,11,71.18826386341367,51.49803769677015,11,82.74541740421384,56.11275783032323,11,11,0.9060511703458186,0.2188319844808424,0.9434279874244625,0.5615960058694363,0.9019483688659979,0.19523492500558776,ja,"PER: 0,219
OVU: 0,562
LUT: 0,195",ANOVA,,"1,529","2, 20",0.24103456057082637,nein,,1.876977916514918,nein,nein,0.13262294026734212,mittel,SQ einbeinig R,Gluteus Medius,Gesamt,peak_rms,1.5290113887519579,,,
27.810494521247062,12.444918882873951,11,22.567070314403963,8.853609541072489,11,25.392813577534067,12.696779783631502,11,11,0.9681256579450621,0.8670051533399263,0.8957786798441716,0.16405519687823938,0.9675420629231244,0.8606947566930703,ja,"PER: 0,867
OVU: 0,164
LUT: 0,861",ANOVA,,"1,147","2, 20",0.3376457002872304,nein,,0.4026072801727345,nein,nein,0.1028891228749657,mittel,SQ einbeinig R,Semitendinosus,Gesamt,mean_rms,1.146894163235361,,,
63.23222426642914,28.84015966267227,11,54.34439258170185,25.969149671185466,11,58.15945564978674,27.45394963682505,11,11,0.9772945218411228,0.9492513273311609,0.9780301332253715,0.9542162784690551,0.9597917604546049,0.7690893606207736,ja,"PER: 0,949
OVU: 0,954
LUT: 0,769",ANOVA,,"0,605","2, 20",0.5559503325707403,nein,,0.8220709030452049,nein,nein,0.05701757312630389,klein,SQ einbeinig R,Semitendinosus,Gesamt,peak_rms,0.6046514919194871,,,
32.916598724275104,24.631616228865244,11,25.429705370424685,16.495746724048278,11,41.63362256070967,27.546521249390473,11,11,0.8872201710393348,0.12835568724376684,0.909891918688725,0.2431760904333904,0.9565897640922953,0.7285523483603018,ja,"PER: 0,128
OVU: 0,243
LUT: 0,729",ANOVA,,"2,704","2, 20",0.09130283934611857,nein,,0.4947329445967566,nein,nein,0.21286644162609233,gross,SQ einbeinig R,Vastus Lateralis,Gesamt,mean_rms,2.7043243088992472,,,
72.10372967415414,58.32676074258351,11,56.94142734992773,37.11450268478421,11,98.08006952604674,70.00164107847164,11,11,0.8412090143073092,0.0327540559558051,0.9203133898825725,0.3212588734208899,0.940840947218076,0.5304346720561659,nein,"PER: 0,033
OVU: 0,321
LUT: 0,530",Friedman,2.363636363636374,"2,364",2,0.30672055757655525,nein,0.1074380165289261,,,,,,SQ einbeinig R,Vastus Lateralis,Gesamt,peak_rms,,,,
